true_score,direct_prediction,direct_distance,direct_cubic_distance,aspect_prediction,aspect_distance,aspect_cubic_distance,aspect_scores
4,3.3193933367729187,0.6806066632270813,0.46322543002910166,3.3398067951202393,0.6601932048797607,0.43585506776940974,"{'room service': 3.35860875248909, 'location': 3.3527477383613586, 'food': 3.2841449677944183, 'room quality': 3.36372572183609}"
2,3.4140005707740784,1.4140005707740784,1.9993976141494194,3.4143453165888786,1.4143453165888786,2.0003726745568953,"{'room service': 3.40242138504982, 'location': 3.4202664494514465, 'food': 3.4207061529159546, 'room quality': 3.4139872789382935}"
3,3.0849922969937325,0.08499229699373245,0.0072236905482708225,3.107733264565468,0.10773326456546783,0.011606456293933087,"{'room service': 3.119314767420292, 'location': 3.092990629374981, 'food': 3.0986356660723686, 'room quality': 3.11999199539423}"
5,3.429986923933029,1.5700130760669708,2.464941059021272,3.491643503308296,1.5083564966917038,2.2751393211120696,"{'room service': 3.49790158867836, 'location': 3.5157461762428284, 'food': 3.4677977561950684, 'room quality': 3.485128492116928}"
5,3.27637642621994,1.7236235737800598,2.9708782240903453,3.3360884338617325,1.6639115661382675,2.768601699928702,"{'room service': 3.32240754365921, 'location': 3.352210611104965, 'food': 3.3406002819538116, 'room quality': 3.329135298728943}"
5,3.378936231136322,1.621063768863678,2.627847742722512,3.3923695981502533,1.6076304018497467,2.584475508951578,"{'room service': 3.387387067079544, 'location': 3.395005762577057, 'food': 3.401207000017166, 'room quality': 3.385878562927246}"
5,3.294112205505371,1.705887794494629,2.9100531674057493,3.251101952046156,1.748898047953844,3.0586443821367664,"{'room service': 3.2571630477905273, 'location': 3.2767964899539948, 'food': 3.2249901443719864, 'room quality': 3.2454581260681152}"
4,3.2037174105644226,0.7962825894355774,0.6340659622382283,3.188246998935938,0.8117530010640621,0.6589429347365112,"{'room service': 3.198680594563484, 'location': 3.193417966365814, 'food': 3.1825703978538513, 'room quality': 3.178319036960602}"
5,3.355627804994583,1.6443721950054169,2.7039599157069327,3.3469303846359253,1.6530696153640747,2.73263915323993,"{'room service': 3.3474629521369934, 'location': 3.3562980592250824, 'food': 3.3490194976329803, 'room quality': 3.334941029548645}"
