true_score,direct_prediction,direct_distance,aspect_prediction,aspect_distance,aspect_scores
4,2.31054949760437,1.6894505023956299,2.064337834715843,1.9356621652841568,"{'room service': 2.0535813570022583, 'location': 2.082287549972534, 'food': 2.1251691579818726, 'room quality': 1.9963132739067078}"
2,2.2522488832473755,0.2522488832473755,2.2514276206493378,0.25142762064933777,"{'room service': 2.2716206312179565, 'location': 2.250266194343567, 'food': 2.2394046783447266, 'room quality': 2.244418978691101}"
3,2.69783091545105,0.3021690845489502,2.5532556772232056,0.44674432277679443,"{'room service': 2.532756209373474, 'location': 2.5867438316345215, 'food': 2.564496159553528, 'room quality': 2.529026508331299}"
5,2.195983409881592,2.804016590118408,1.9257802516222,3.0742197483778,"{'room service': 1.9039833545684814, 'location': 1.9214980602264404, 'food': 1.971785545349121, 'room quality': 1.905854046344757}"
